4168,Fall 2016
4165,Summer 2016
4162,Spring 2016
4158,Fall 2015
4155,Summer 2015
4152,Spring 2015
4148,Fall 2014
4145,Summer 2014
4142,Spring 2014
4138,Fall 2013
4135,Summer 2013
4132,Spring 2013
4128,Fall 2012
4125,Summer 2012
4122,Spring 2012
4118,Fall 2011
4115SS2,Summer-2 2011
4115SS1,Summer-1 2011
4112,Spring 2011
4108,Fall 2010
4105SS2,Summer-2 2010
4105SS1,Summer-1 2010
4102,Spring 2010
4098,Fall 2009
4095SS2,Summer-2 2009
4095SS1,Summer-1 2009
4092,Spring 2009
4088,Fall 2008
4085SS2,Summer-2 2008
4085SS1,Summer-1 2008
4082,Spring 2008
4078,Fall 2007
4075SS2,Summer-2 2007
4075SS1,Summer-1 2007
4072,Spring 2007
4068,Fall 2006
4065SS2,Summer-2 2006
4065SS1,Summer-1 2006
4062,Spring 2006
4058,Fall 2005
4055SS2,Summer-2 2005
4055SS1,Summer-1 2005
4052,Spring 2005
4048,Fall 2004
4045SS2,Summer-2 2004
4045SS1,Summer-1 2004
4042,Spring 2004
4038,Fall 2003
4035SS2,Summer-2 2003
4035SS1,Summer-1 2003
4032,Spring 2003
4028,Fall 2002
4025SS2,Summer-2 2002
4025SS1,Summer-1 2002
4022,Spring 2002
4018,Fall 2001
4015SS2,Summer-2 2001
4015SS1,Summer-1 2001
4012,Spring 2001
4008,Fall 2000
4005SS2,Summer-2 2000
4005SS1,Summer-1 2000
4002,Spring 2000
3998,Fall 1999
3995SS2,Summer-2 1999
3995SS1,Summer-1 1999
3992,Spring 1999
3988,Fall 1998
3985SS2,Summer-2 1998
3985SS1,Summer-1 1998
3982,Spring 1998
3978,Fall 1997
3975SS2,Summer-2 1997
3975SS1,Summer-1 1997
3972,Spring 1997
3968,Fall 1996
3965SS2,Summer-2 1996
3965SS1,Summer-1 1996
3962,Spring 1996
3958,Fall 1995
3955SS2,Summer-2 1995
3955SS1,Summer-1 1995
3952,Spring 1995
3948,Fall 1994
